{
  "nq": {
    "span_em": 0.4457063711911357
  },
  "trivia": {
    "span_em": 0.7034385220542738
  },
  "webqa": {
    "span_em": 0.4340551181102362
  },
  "truthfulqa": {
    "f1": 0.2682241538992531,
    "rouge_l": 0.2605704784587273
  },
  "factkg": {
    "accuracy": 0.6895254949673708
  },
  "AVERAGE": 0.46692002311349956
}