{
  "nq": {
    "metrics": {
      "span_em": 0.4457063711911357
    },
    "mode_distribution": {
      "rag": 2927,
      "closedbook": 683
    }
  },
  "trivia": {
    "metrics": {
      "span_em": 0.7034385220542738
    },
    "mode_distribution": {
      "rag": 9254,
      "closedbook": 2059
    }
  },
  "webqa": {
    "metrics": {
      "span_em": 0.4340551181102362
    },
    "mode_distribution": {
      "rag": 869,
      "closedbook": 1163
    }
  },
  "truthfulqa": {
    "metrics": {
      "f1": 0.2682241538992531,
      "rouge_l": 0.2605704784587273
    },
    "mode_distribution": {
      "rag": 358,
      "closedbook": 459
    }
  },
  "factkg": {
    "metrics": {
      "accuracy": 0.6895254949673708
    },
    "mode_distribution": {
      "rag": 2764,
      "closedbook": 6277
    }
  }
}